<?xml version="1.0" encoding="UTF-8" standalone="yes"?>
<addon id="plugin.video.dstv_bello" name="dstv_bello" version="2.0" provider-name="MediaTvStream.com">
  <requires>
    <import addon="xbmc.python" version="2.1.0"/>
  </requires>
  <extension point="xbmc.python.pluginsource" library="default.py">
        <provides>video executable</provides>
  </extension>
  <extension point="xbmc.addon.metadata">
		<summary lang="en">Dream Streams TV Wizard</summary>
		<description lang="en">Skins for Dream Stream TV</description>
		<disclaimer lang="en"></disclaimer>
		<forum></forum>
		<source>http://mediatvstream.com/dstv/dstv_bello.zip</source>
		<website>dreamstreamstv.com</website>
		<platform>all</platform>
	</extension>
</addon>
